<?xml version="1.0" encoding="utf-8" ?>
<lom:lom xmlns="https://ocw.mit.edu/xmlns/LOM"
         xmlns:lom="https://ocw.mit.edu/xmlns/LOM"
         xmlns:ocwlom="https://ocw.mit.edu/xmlns/ocwLOM"
         xmlns:xsi="http://www.w3.org/2001/XMLSchema-instance"
         xsi:schemaLocation="https://ocw.mit.edu/xmlns/LOM https://ocw.mit.edu/xsd/LOM/lomv1.0/lomv1.0.xsd https://ocw.mit.edu/xmlns/ocwLOM https://ocw.mit.edu/xsd/ocwLOM/ocwlomv1.0/ocwlomv1.0.xsd">
  <!--************************************************************ 
  This LOM record was produced by an automatic transformation to IEEE LOM, from OpenCourseWare's (OCW) initial version of Learning Object Metadata (LOM). (The initial version was based on IMS Global Consortium's LOM.)
			********************************************************-->
<!--***************************-->
<!--**** GENERAL ****-->
<!--***************************-->
    <lom:general uniqueElementName="general">
        <lom:title uniqueElementName="title">
            <lom:string language="en">Software Construction</lom:string>
        </lom:title>
        <lom:description>
            <lom:string language="en">6.005 Software Construction introduces fundamental principles and techniques of software development, i.e., how to write software that is safe from bugs, easy to understand, and ready for change. The course includes problem sets and a final project. Important topics include specifications and invariants; testing; abstract data types; design patterns for object-oriented programming; concurrent programming and concurrency; and functional programming. The 6.005 website homepage from Spring 2016, along with all course materials, is available to OpenCourseWare users.</lom:string>
        </lom:description>
        <lom:identifier>
            <lom:catalog uniqueElementName="catalog">OCW Master Course Number</lom:catalog>
            <lom:entry uniqueElementName="entry">6.005</lom:entry>
        </lom:identifier>
        <lom:language>en</lom:language>
        <lom:aggregationLevel uniqueElementName="aggregationLevel">
            <lom:source uniqueElementName="source">LOMv1.0</lom:source>
            <lom:value uniqueElementName="value">4</lom:value>
        </lom:aggregationLevel>
    </lom:general>
<!--***************************-->
<!--**** LIFECYCLE ****-->
<!--***************************-->
    <lom:lifeCycle uniqueElementName="lifeCycle">
        <lom:version uniqueElementName="version">
            <lom:string language="en">Spring 2016</lom:string>
        </lom:version>
        <lom:contribute>
            <lom:role>
                <lom:source uniqueElementName="source">OCW_LOMv1.0</lom:source>
                <lom:value uniqueElementName="value">Author</lom:value>
            </lom:role>
            <lom:entity>Miller, Robert</lom:entity>
            <lom:date uniqueElementName="date">
                <lom:dateTime uniqueElementName="dateTime">2021-6-15</lom:dateTime>
            </lom:date>
        </lom:contribute>
        <lom:contribute>
            <lom:role>
                <lom:source uniqueElementName="source">OCW_LOMv1.0</lom:source>
                <lom:value uniqueElementName="value">Author</lom:value>
            </lom:role>
            <lom:entity>Goldman, Max</lom:entity>
            <lom:date uniqueElementName="date">
                <lom:dateTime uniqueElementName="dateTime">2021-6-15</lom:dateTime>
            </lom:date>
        </lom:contribute>
        <ocwlom:ocwDates>
            <ocwlom:firstPubDate>2017/01/31 16:23:39.873 US/Eastern</ocwlom:firstPubDate>
            <ocwlom:mostRecentPubDate>2021/02/25 16:42:00.450 Universal</ocwlom:mostRecentPubDate>
            <ocwlom:unpubDate></ocwlom:unpubDate>
            <ocwlom:retireDate></ocwlom:retireDate>
        </ocwlom:ocwDates>
    </lom:lifeCycle>
<!--***************************-->
<!--**** TECHNICAL ****-->
<!--***************************-->
    <lom:technical uniqueElementName="technical">
        <lom:location>/courses/electrical-engineering-and-computer-science/6-005-software-construction-spring-2016/index.htm</lom:location>
        
        
		
        <lom:requirement>
            <lom:orComposite>
                <lom:type uniqueElementName="type">
                    <lom:source uniqueElementName="source">LOMv1.0</lom:source>
                    <lom:value uniqueElementName="value">Browser</lom:value>
                </lom:type>
                <lom:name uniqueElementName="name">
                    <lom:source uniqueElementName="source">LOMv1.0</lom:source>
                    <lom:value uniqueElementName="value">Chrome</lom:value>
                </lom:name>
                <lom:minimumVersion
    uniqueElementName="minimumVersion">40.0</lom:minimumVersion>
            </lom:orComposite>
            <lom:orComposite>
                <lom:type uniqueElementName="type">
                    <lom:source uniqueElementName="source">LOMv1.0</lom:source>
                    <lom:value uniqueElementName="value">Browser</lom:value>
                </lom:type>
                <lom:name uniqueElementName="name">
                    <lom:source uniqueElementName="source">LOMv1.0</lom:source>
                    <lom:value uniqueElementName="value">Safari</lom:value>
                </lom:name>
                <lom:minimumVersion
    uniqueElementName="minimumVersion">8.0</lom:minimumVersion>
            </lom:orComposite>
            <lom:orComposite>
                <lom:type uniqueElementName="type">
                    <lom:source uniqueElementName="source">LOMv1.0</lom:source>
                    <lom:value uniqueElementName="value">Browser</lom:value>
                </lom:type>
                <lom:name uniqueElementName="name">
                    <lom:source uniqueElementName="source">LOMv1.0</lom:source>
                    <lom:value uniqueElementName="value">Mozilla Firefox</lom:value>
                </lom:name>
                <lom:minimumVersion
    uniqueElementName="minimumVersion">38.0</lom:minimumVersion>
            </lom:orComposite>
            <lom:orComposite>
                <lom:type uniqueElementName="type">
                    <lom:source uniqueElementName="source">LOMv1.0</lom:source>
                    <lom:value uniqueElementName="value">Browser</lom:value>
                </lom:type>
                <lom:name uniqueElementName="name">
                    <lom:source uniqueElementName="source">LOMv1.0</lom:source>
                    <lom:value uniqueElementName="value">Internet Explorer</lom:value>
                </lom:name>
                <lom:minimumVersion
    uniqueElementName="minimumVersion">9.0</lom:minimumVersion>
            </lom:orComposite>
            <lom:orComposite>
                <lom:type uniqueElementName="type">
                    <lom:source uniqueElementName="source">LOMv1.0</lom:source>
                    <lom:value uniqueElementName="value">Browser</lom:value>
                </lom:type>
                <lom:name uniqueElementName="name">
                    <lom:source uniqueElementName="source">LOMv1.0</lom:source>
                    <lom:value uniqueElementName="value">Edge</lom:value>
                </lom:name>
                <lom:minimumVersion
    uniqueElementName="minimumVersion">13.1</lom:minimumVersion>
            </lom:orComposite>
        </lom:requirement>
    </lom:technical>
<!--***************************-->
<!--**** EDUCATIONAL ****-->
<!--***************************-->
    <lom:educational>
        <lom:context>
            <lom:source uniqueElementName="source">OCW_LOMv1.0</lom:source>
            <lom:value uniqueElementName="value">Undergraduate</lom:value>
        </lom:context>
        
    </lom:educational>
<!--***************************-->
<!--**** RIGHTS ****-->
<!--***************************-->
    <lom:rights uniqueElementName="rights">
        <lom:copyrightAndOtherRestrictions uniqueElementName="copyrightAndOtherRestrictions">
            <lom:source uniqueElementName="source">LOMv1.0</lom:source>
            <lom:value uniqueElementName="value">yes</lom:value>
        </lom:copyrightAndOtherRestrictions>
        <lom:description>
            <lom:string language="en">This site (c) Massachusetts Institute of Technology 2021.  Content within individual courses is (c) by the individual authors unless otherwise noted. The Massachusetts Institute of Technology is providing this Work (as defined below) under the terms of this Creative Commons public license ("CCPL" or "license") unless otherwise noted. The Work is protected by copyright and/or other applicable law. Any use of the work other than as authorized under this license is prohibited. By exercising any of the rights to the Work provided here, You (as defined below) accept and agree to be bound by the terms of this license. The Licensor, the Massachusetts Institute of Technology, grants You the rights contained here in consideration of Your acceptance of such terms and conditions.</lom:string>
        </lom:description>
    </lom:rights>
<!--***************************-->
<!--**** RELATION ****-->
<!--***************************-->
<!--***************************-->
<!--**** CLASSIFICATION ****-->
<!--***************************-->
    <lom:classification>
        <lom:keyword>
            <lom:string language="en">Software Construction</lom:string>
        </lom:keyword>
        <lom:keyword>
            <lom:string language="en">Software Engineering</lom:string>
        </lom:keyword>
        <lom:keyword>
            <lom:string language="en">Static Checking</lom:string>
        </lom:keyword>
        <lom:keyword>
            <lom:string language="en">Basic Java</lom:string>
        </lom:keyword>
        <lom:keyword>
            <lom:string language="en">Testing</lom:string>
        </lom:keyword>
        <lom:keyword>
            <lom:string language="en">Code Review</lom:string>
        </lom:keyword>
        <lom:keyword>
            <lom:string language="en">Version Control</lom:string>
        </lom:keyword>
        <lom:keyword>
            <lom:string language="en">Specifications</lom:string>
        </lom:keyword>
        <lom:keyword>
            <lom:string language="en">Debugging</lom:string>
        </lom:keyword>
        <lom:keyword>
            <lom:string language="en">Mutability</lom:string>
        </lom:keyword>
        <lom:keyword>
            <lom:string language="en">Immutability</lom:string>
        </lom:keyword>
        <lom:keyword>
            <lom:string language="en">Recursion</lom:string>
        </lom:keyword>
        <lom:keyword>
            <lom:string language="en">Abstract Data Types</lom:string>
        </lom:keyword>
        <lom:keyword>
            <lom:string language="en">ADTs</lom:string>
        </lom:keyword>
        <lom:keyword>
            <lom:string language="en">Interfaces</lom:string>
        </lom:keyword>
        <lom:keyword>
            <lom:string language="en">Data Types</lom:string>
        </lom:keyword>
        <lom:keyword>
            <lom:string language="en">Regular Expressions and Grammars</lom:string>
        </lom:keyword>
        <lom:keyword>
            <lom:string language="en">Parser</lom:string>
        </lom:keyword>
        <lom:keyword>
            <lom:string language="en">Generator</lom:string>
        </lom:keyword>
        <lom:keyword>
            <lom:string language="en">Concurrency</lom:string>
        </lom:keyword>
        <lom:keyword>
            <lom:string language="en">Thread Safety</lom:string>
        </lom:keyword>
        <lom:keyword>
            <lom:string language="en">Networking</lom:string>
        </lom:keyword>
        <lom:keyword>
            <lom:string language="en">Queues</lom:string>
        </lom:keyword>
        <lom:keyword>
            <lom:string language="en">Locks</lom:string>
        </lom:keyword>
        <lom:keyword>
            <lom:string language="en">Synchronization</lom:string>
        </lom:keyword>
        <lom:keyword>
            <lom:string language="en">GUI</lom:string>
        </lom:keyword>
        <lom:keyword>
            <lom:string language="en">Graphical User Interfaces</lom:string>
        </lom:keyword>
        <lom:keyword>
            <lom:string language="en">Map filter reduce</lom:string>
        </lom:keyword>
        <lom:keyword>
            <lom:string language="en">Team version control</lom:string>
        </lom:keyword>
    </lom:classification>
</lom:lom>
